"filename", "language", "Rust", "YAML", "Shell Script", "Markdown", "comment", "blank", "total"
"/home/dev/projects/dbnexus/.github/workflows/ci.yml", "YAML", 0, 328, 0, 0, 11, 50, 389
"/home/dev/projects/dbnexus/.github/workflows/release.yml", "YAML", 0, 287, 0, 0, 9, 51, 347
"/home/dev/projects/dbnexus/.github/workflows/tag-deleted.yml", "YAML", 0, 94, 0, 0, 1, 13, 108
"/home/dev/projects/dbnexus/.pre-commit-config.yaml", "YAML", 0, 21, 0, 0, 2, 2, 25
"/home/dev/projects/dbnexus/README.md", "Markdown", 0, 0, 0, 504, 6, 195, 705
"/home/dev/projects/dbnexus/README_zh.md", "Markdown", 0, 0, 0, 484, 6, 183, 673
"/home/dev/projects/dbnexus/benches/permission_bench.rs", "Rust", 69, 0, 0, 0, 7, 14, 90
"/home/dev/projects/dbnexus/build.rs", "Rust", 94, 0, 0, 0, 22, 16, 132
"/home/dev/projects/dbnexus/docs/API_REFERENCE.md", "Markdown", 0, 0, 0, 692, 0, 275, 967
"/home/dev/projects/dbnexus/docs/ARCHITECTURE.md", "Markdown", 0, 0, 0, 712, 0, 218, 930
"/home/dev/projects/dbnexus/docs/CHANGELOG.md", "Markdown", 0, 0, 0, 156, 0, 64, 220
"/home/dev/projects/dbnexus/docs/USER_GUIDE.md", "Markdown", 0, 0, 0, 862, 0, 288, 1150
"/home/dev/projects/dbnexus/examples/README.md", "Markdown", 0, 0, 0, 236, 0, 75, 311
"/home/dev/projects/dbnexus/examples/src/audit.rs", "Rust", 210, 0, 0, 0, 40, 35, 285
"/home/dev/projects/dbnexus/examples/src/authenticated_usage.rs", "Rust", 130, 0, 0, 0, 58, 39, 227
"/home/dev/projects/dbnexus/examples/src/cache.rs", "Rust", 114, 0, 0, 0, 35, 29, 178
"/home/dev/projects/dbnexus/examples/src/config.rs", "Rust", 40, 0, 0, 0, 19, 11, 70
"/home/dev/projects/dbnexus/examples/src/entity_basic.rs", "Rust", 101, 0, 0, 0, 40, 21, 162
"/home/dev/projects/dbnexus/examples/src/global_index.rs", "Rust", 58, 0, 0, 0, 20, 13, 91
"/home/dev/projects/dbnexus/examples/src/health.rs", "Rust", 117, 0, 0, 0, 30, 19, 166
"/home/dev/projects/dbnexus/examples/src/macro_usage.rs", "Rust", 85, 0, 0, 0, 48, 24, 157
"/home/dev/projects/dbnexus/examples/src/main.rs", "Rust", 134, 0, 0, 0, 30, 19, 183
"/home/dev/projects/dbnexus/examples/src/metrics.rs", "Rust", 284, 0, 0, 0, 51, 55, 390
"/home/dev/projects/dbnexus/examples/src/migration.rs", "Rust", 78, 0, 0, 0, 23, 14, 115
"/home/dev/projects/dbnexus/examples/src/permission_engine.rs", "Rust", 184, 0, 0, 0, 30, 25, 239
"/home/dev/projects/dbnexus/examples/src/permissions.rs", "Rust", 102, 0, 0, 0, 28, 27, 157
"/home/dev/projects/dbnexus/examples/src/permissions.yaml", "YAML", 0, 62, 0, 0, 0, 1, 63
"/home/dev/projects/dbnexus/examples/src/quickstart.rs", "Rust", 101, 0, 0, 0, 62, 24, 187
"/home/dev/projects/dbnexus/examples/src/security.rs", "Rust", 282, 0, 0, 0, 37, 50, 369
"/home/dev/projects/dbnexus/examples/src/sharding.rs", "Rust", 234, 0, 0, 0, 48, 56, 338
"/home/dev/projects/dbnexus/examples/src/sql_parser.rs", "Rust", 253, 0, 0, 0, 32, 43, 328
"/home/dev/projects/dbnexus/examples/src/tracing.rs", "Rust", 179, 0, 0, 0, 38, 52, 269
"/home/dev/projects/dbnexus/examples/src/transactions.rs", "Rust", 131, 0, 0, 0, 41, 44, 216
"/home/dev/projects/dbnexus/macros/src/lib.rs", "Rust", 607, 0, 0, 0, 311, 126, 1044
"/home/dev/projects/dbnexus/macros/tests/db_audit_tests.rs", "Rust", 13, 0, 0, 0, 18, 4, 35
"/home/dev/projects/dbnexus/macros/tests/db_cache_tests.rs", "Rust", 14, 0, 0, 0, 19, 4, 37
"/home/dev/projects/dbnexus/macros/tests/db_crud_tests.rs", "Rust", 16, 0, 0, 0, 20, 5, 41
"/home/dev/projects/dbnexus/macros/tests/db_entity_tests.rs", "Rust", 15, 0, 0, 0, 19, 5, 39
"/home/dev/projects/dbnexus/macros/tests/db_permission_tests.rs", "Rust", 21, 0, 0, 0, 25, 5, 51
"/home/dev/projects/dbnexus/macros/tests/mod.rs", "Rust", 10, 0, 0, 0, 1, 6, 17
"/home/dev/projects/dbnexus/macros/tests/ui/db_audit_basic.rs", "Rust", 13, 0, 0, 0, 1, 3, 17
"/home/dev/projects/dbnexus/macros/tests/ui/db_audit_constants.rs", "Rust", 13, 0, 0, 0, 1, 3, 17
"/home/dev/projects/dbnexus/macros/tests/ui/db_audit_default_values.rs", "Rust", 13, 0, 0, 0, 1, 3, 17
"/home/dev/projects/dbnexus/macros/tests/ui/db_audit_full_combination.rs", "Rust", 13, 0, 0, 0, 1, 3, 17
"/home/dev/projects/dbnexus/macros/tests/ui/db_audit_log_values_false.rs", "Rust", 13, 0, 0, 0, 1, 3, 17
"/home/dev/projects/dbnexus/macros/tests/ui/db_audit_log_values_true.rs", "Rust", 13, 0, 0, 0, 1, 3, 17
"/home/dev/projects/dbnexus/macros/tests/ui/db_audit_with_db_crud.rs", "Rust", 13, 0, 0, 0, 1, 3, 17
"/home/dev/projects/dbnexus/macros/tests/ui/db_audit_with_db_entity.rs", "Rust", 13, 0, 0, 0, 1, 3, 17
"/home/dev/projects/dbnexus/macros/tests/ui/db_cache_all_params.rs", "Rust", 13, 0, 0, 0, 1, 3, 17
"/home/dev/projects/dbnexus/macros/tests/ui/db_cache_basic.rs", "Rust", 13, 0, 0, 0, 1, 3, 17
"/home/dev/projects/dbnexus/macros/tests/ui/db_cache_constants.rs", "Rust", 13, 0, 0, 0, 1, 3, 17
"/home/dev/projects/dbnexus/macros/tests/ui/db_cache_custom_capacity.rs", "Rust", 13, 0, 0, 0, 1, 3, 17
"/home/dev/projects/dbnexus/macros/tests/ui/db_cache_custom_strategy.rs", "Rust", 13, 0, 0, 0, 1, 3, 17
"/home/dev/projects/dbnexus/macros/tests/ui/db_cache_custom_ttl.rs", "Rust", 13, 0, 0, 0, 1, 3, 17
"/home/dev/projects/dbnexus/macros/tests/ui/db_cache_default_values.rs", "Rust", 13, 0, 0, 0, 1, 3, 17
"/home/dev/projects/dbnexus/macros/tests/ui/db_cache_method_signatures.rs", "Rust", 13, 0, 0, 0, 1, 3, 17
"/home/dev/projects/dbnexus/macros/tests/ui/db_cache_with_db_entity.rs", "Rust", 13, 0, 0, 0, 1, 3, 17
"/home/dev/projects/dbnexus/macros/tests/ui/db_crud_all_methods.rs", "Rust", 13, 0, 0, 0, 1, 3, 17
"/home/dev/projects/dbnexus/macros/tests/ui/db_crud_basic.rs", "Rust", 13, 0, 0, 0, 1, 3, 17
"/home/dev/projects/dbnexus/macros/tests/ui/db_crud_generic.rs", "Rust", 13, 0, 0, 0, 1, 3, 17
"/home/dev/projects/dbnexus/macros/tests/ui/db_crud_method_signatures.rs", "Rust", 13, 0, 0, 0, 1, 3, 17
"/home/dev/projects/dbnexus/macros/tests/ui/db_crud_missing_table_name.rs", "Rust", 7, 0, 0, 0, 1, 3, 11
"/home/dev/projects/dbnexus/macros/tests/ui/db_crud_table_name_arg.rs", "Rust", 13, 0, 0, 0, 1, 3, 17
"/home/dev/projects/dbnexus/macros/tests/ui/db_crud_with_sea_orm.rs", "Rust", 13, 0, 0, 0, 1, 3, 17
"/home/dev/projects/dbnexus/macros/tests/ui/db_entity_basic.rs", "Rust", 13, 0, 0, 0, 3, 5, 21
"/home/dev/projects/dbnexus/macros/tests/ui/db_entity_generic.rs", "Rust", 13, 0, 0, 0, 2, 4, 19
"/home/dev/projects/dbnexus/macros/tests/ui/db_entity_method_signatures.rs", "Rust", 20, 0, 0, 0, 4, 6, 30
"/home/dev/projects/dbnexus/macros/tests/ui/db_entity_missing_primary_key.rs", "Rust", 8, 0, 0, 0, 1, 3, 12
"/home/dev/projects/dbnexus/macros/tests/ui/db_entity_missing_table_name.rs", "Rust", 8, 0, 0, 0, 1, 3, 12
"/home/dev/projects/dbnexus/macros/tests/ui/db_entity_sea_orm.rs", "Rust", 14, 0, 0, 0, 2, 4, 20
"/home/dev/projects/dbnexus/macros/tests/ui/db_permission_attribute_too_long.rs", "Rust", 11, 0, 0, 0, 1, 3, 15
"/home/dev/projects/dbnexus/macros/tests/ui/db_permission_basic.rs", "Rust", 13, 0, 0, 0, 1, 3, 17
"/home/dev/projects/dbnexus/macros/tests/ui/db_permission_dangerous_config_path.rs", "Rust", 11, 0, 0, 0, 1, 3, 15
"/home/dev/projects/dbnexus/macros/tests/ui/db_permission_empty_role.rs", "Rust", 11, 0, 0, 0, 1, 3, 15
"/home/dev/projects/dbnexus/macros/tests/ui/db_permission_invalid_role_name.rs", "Rust", 11, 0, 0, 0, 1, 3, 15
"/home/dev/projects/dbnexus/macros/tests/ui/db_permission_method_signatures.rs", "Rust", 13, 0, 0, 0, 1, 3, 17
"/home/dev/projects/dbnexus/macros/tests/ui/db_permission_multiple_roles_ops.rs", "Rust", 13, 0, 0, 0, 1, 3, 17
"/home/dev/projects/dbnexus/macros/tests/ui/db_permission_path_traversal.rs", "Rust", 11, 0, 0, 0, 1, 3, 15
"/home/dev/projects/dbnexus/macros/tests/ui/db_permission_role_starts_with_digit.rs", "Rust", 11, 0, 0, 0, 1, 3, 15
"/home/dev/projects/dbnexus/macros/tests/ui/db_permission_role_with_hyphen.rs", "Rust", 11, 0, 0, 0, 1, 3, 15
"/home/dev/projects/dbnexus/macros/tests/ui/db_permission_valid_role_names.rs", "Rust", 13, 0, 0, 0, 1, 3, 17
"/home/dev/projects/dbnexus/macros/tests/ui/db_permission_with_db_entity.rs", "Rust", 13, 0, 0, 0, 1, 3, 17
"/home/dev/projects/dbnexus/scripts/generate-sql.sh", "Shell Script", 0, 0, 35, 0, 11, 14, 60
"/home/dev/projects/dbnexus/scripts/install-pre-commit.sh", "Shell Script", 0, 0, 304, 0, 56, 77, 437
"/home/dev/projects/dbnexus/scripts/no-commit-to-main.sh", "Shell Script", 0, 0, 9, 0, 2, 4, 15
"/home/dev/projects/dbnexus/scripts/pre-commit-check.sh", "Shell Script", 0, 0, 591, 0, 80, 134, 805
"/home/dev/projects/dbnexus/scripts/test-databases.sh", "Shell Script", 0, 0, 41, 0, 9, 10, 60
"/home/dev/projects/dbnexus/src/access/authentication/jwt.rs", "Rust", 134, 0, 0, 0, 17, 35, 186
"/home/dev/projects/dbnexus/src/access/authentication/mod.rs", "Rust", 158, 0, 0, 0, 35, 41, 234
"/home/dev/projects/dbnexus/src/access/authentication/models.rs", "Rust", 70, 0, 0, 0, 34, 30, 134
"/home/dev/projects/dbnexus/src/access/authentication/password.rs", "Rust", 86, 0, 0, 0, 16, 25, 127
"/home/dev/projects/dbnexus/src/access/mod.rs", "Rust", 28, 0, 0, 0, 13, 9, 50
"/home/dev/projects/dbnexus/src/access/permission/advanced.rs", "Rust", 534, 0, 0, 0, 158, 99, 791
"/home/dev/projects/dbnexus/src/access/permission/context.rs", "Rust", 894, 0, 0, 0, 345, 142, 1381
"/home/dev/projects/dbnexus/src/access/permission/mod.rs", "Rust", 77, 0, 0, 0, 36, 28, 141
"/home/dev/projects/dbnexus/src/access/permission/provider.rs", "Rust", 141, 0, 0, 0, 85, 28, 254
"/home/dev/projects/dbnexus/src/access/permission/rate_limiter.rs", "Rust", 437, 0, 0, 0, 218, 111, 766
"/home/dev/projects/dbnexus/src/access/permission/rbac.rs", "Rust", 67, 0, 0, 0, 42, 14, 123
"/home/dev/projects/dbnexus/src/access/permission/stats.rs", "Rust", 89, 0, 0, 0, 36, 17, 142
"/home/dev/projects/dbnexus/src/access/permission/types.rs", "Rust", 284, 0, 0, 0, 74, 47, 405
"/home/dev/projects/dbnexus/src/access/permission_engine.rs", "Rust", 989, 0, 0, 0, 313, 184, 1486
"/home/dev/projects/dbnexus/src/access/security/ddl_guard.rs", "Rust", 241, 0, 0, 0, 43, 38, 322
"/home/dev/projects/dbnexus/src/access/security/mod.rs", "Rust", 4, 0, 0, 0, 7, 4, 15
"/home/dev/projects/dbnexus/src/access/security/sensitive.rs", "Rust", 257, 0, 0, 0, 80, 74, 411
"/home/dev/projects/dbnexus/src/access/sql_parser.rs", "Rust", 847, 0, 0, 0, 320, 132, 1299
"/home/dev/projects/dbnexus/src/business/audit.rs", "Rust", 1309, 0, 0, 0, 311, 220, 1840
"/home/dev/projects/dbnexus/src/business/mod.rs", "Rust", 3, 0, 0, 0, 9, 4, 16
"/home/dev/projects/dbnexus/src/database/migration/column_changes.rs", "Rust", 98, 0, 0, 0, 54, 15, 167
"/home/dev/projects/dbnexus/src/database/migration/differ.rs", "Rust", 953, 0, 0, 0, 167, 150, 1270
"/home/dev/projects/dbnexus/src/database/migration/executor.rs", "Rust", 601, 0, 0, 0, 124, 123, 848
"/home/dev/projects/dbnexus/src/database/migration/metadata.rs", "Rust", 83, 0, 0, 0, 95, 15, 193
"/home/dev/projects/dbnexus/src/database/migration/mod.rs", "Rust", 14, 0, 0, 0, 16, 4, 34
"/home/dev/projects/dbnexus/src/database/migration/schema.rs", "Rust", 269, 0, 0, 0, 94, 33, 396
"/home/dev/projects/dbnexus/src/database/migration/sql_reverser.rs", "Rust", 85, 0, 0, 0, 40, 16, 141
"/home/dev/projects/dbnexus/src/database/migration/types.rs", "Rust", 48, 0, 0, 0, 48, 5, 101
"/home/dev/projects/dbnexus/src/database/mod.rs", "Rust", 8, 0, 0, 0, 9, 5, 22
"/home/dev/projects/dbnexus/src/database/pool/db_pool.rs", "Rust", 812, 0, 0, 0, 534, 139, 1485
"/home/dev/projects/dbnexus/src/database/pool/mod.rs", "Rust", 177, 0, 0, 0, 273, 46, 496
"/home/dev/projects/dbnexus/src/database/pool/session.rs", "Rust", 527, 0, 0, 0, 124, 99, 750
"/home/dev/projects/dbnexus/src/database/sharding.rs", "Rust", 483, 0, 0, 0, 100, 110, 693
"/home/dev/projects/dbnexus/src/foundation/config/mod.rs", "Rust", 2, 0, 0, 0, 28, 4, 34
"/home/dev/projects/dbnexus/src/foundation/config/types.rs", "Rust", 297, 0, 0, 0, 117, 66, 480
"/home/dev/projects/dbnexus/src/foundation/entity.rs", "Rust", 2, 0, 0, 0, 17, 3, 22
"/home/dev/projects/dbnexus/src/foundation/error/mod.rs", "Rust", 338, 0, 0, 0, 177, 93, 608
"/home/dev/projects/dbnexus/src/foundation/mod.rs", "Rust", 8, 0, 0, 0, 8, 4, 20
"/home/dev/projects/dbnexus/src/generated_roles.rs", "Rust", 10, 0, 0, 0, 11, 5, 26
"/home/dev/projects/dbnexus/src/lib.rs", "Rust", 81, 0, 0, 0, 101, 36, 218
"/home/dev/projects/dbnexus/src/observability/health.rs", "Rust", 492, 0, 0, 0, 139, 85, 716
"/home/dev/projects/dbnexus/src/observability/metrics.rs", "Rust", 1071, 0, 0, 0, 279, 187, 1537
"/home/dev/projects/dbnexus/src/observability/mod.rs", "Rust", 9, 0, 0, 0, 9, 4, 22
"/home/dev/projects/dbnexus/src/observability/tracing.rs", "Rust", 231, 0, 0, 0, 174, 51, 456
"/home/dev/projects/dbnexus/src/storage/cache/mock_backend.rs", "Rust", 74, 0, 0, 0, 18, 24, 116
"/home/dev/projects/dbnexus/src/storage/cache/mod.rs", "Rust", 36, 0, 0, 0, 18, 9, 63
"/home/dev/projects/dbnexus/src/storage/cache/oxcache_backend.rs", "Rust", 71, 0, 0, 0, 18, 17, 106
"/home/dev/projects/dbnexus/src/storage/cache/traits.rs", "Rust", 31, 0, 0, 0, 50, 11, 92
"/home/dev/projects/dbnexus/src/storage/global_index.rs", "Rust", 205, 0, 0, 0, 28, 30, 263
"/home/dev/projects/dbnexus/src/storage/mod.rs", "Rust", 6, 0, 0, 0, 9, 5, 20
"/home/dev/projects/dbnexus/src/tools/cli/src/main.rs", "Rust", 590, 0, 0, 0, 99, 149, 838
"/home/dev/projects/dbnexus/src/tools/macros.rs", "Rust", 10, 0, 0, 0, 8, 7, 25
"/home/dev/projects/dbnexus/src/tools/mod.rs", "Rust", 1, 0, 0, 0, 9, 4, 14
"/home/dev/projects/dbnexus/tests/audit/integration/audit_integration.rs", "Rust", 268, 0, 0, 0, 20, 59, 347
"/home/dev/projects/dbnexus/tests/audit/integration/mod.rs", "Rust", 0, 0, 0, 0, 5, 2, 7
"/home/dev/projects/dbnexus/tests/audit/mod.rs", "Rust", 2, 0, 0, 0, 7, 3, 12
"/home/dev/projects/dbnexus/tests/audit/unit/audit_unit_tests.rs", "Rust", 457, 0, 0, 0, 156, 112, 725
"/home/dev/projects/dbnexus/tests/audit/unit/mod.rs", "Rust", 0, 0, 0, 0, 5, 2, 7
"/home/dev/projects/dbnexus/tests/benchmarks/mod.rs", "Rust", 324, 0, 0, 0, 18, 50, 392
"/home/dev/projects/dbnexus/tests/cache/integration/cache_integration.rs", "Rust", 211, 0, 0, 0, 41, 74, 326
"/home/dev/projects/dbnexus/tests/cache/integration/mod.rs", "Rust", 2, 0, 0, 0, 5, 3, 10
"/home/dev/projects/dbnexus/tests/cache/mod.rs", "Rust", 2, 0, 0, 0, 7, 3, 12
"/home/dev/projects/dbnexus/tests/cache/unit/cache_unit_tests.rs", "Rust", 362, 0, 0, 0, 180, 129, 671
"/home/dev/projects/dbnexus/tests/cache/unit/mod.rs", "Rust", 0, 0, 0, 0, 5, 2, 7
"/home/dev/projects/dbnexus/tests/common/docker_test_utils.rs", "Rust", 25, 0, 0, 0, 8, 6, 39
"/home/dev/projects/dbnexus/tests/common/mod.rs", "Rust", 364, 0, 0, 0, 79, 58, 501
"/home/dev/projects/dbnexus/tests/concurrency/pool_concurrency_test.rs", "Rust", 23, 0, 0, 0, 12, 7, 42
"/home/dev/projects/dbnexus/tests/confers_oxcache_integration.rs", "Rust", 23, 0, 0, 0, 34, 8, 65
"/home/dev/projects/dbnexus/tests/core/integration/config_integration.rs", "Rust", 277, 0, 0, 0, 23, 37, 337
"/home/dev/projects/dbnexus/tests/core/integration/dbnexus_integration.rs", "Rust", 652, 0, 0, 0, 151, 177, 980
"/home/dev/projects/dbnexus/tests/core/integration/entity_integration.rs", "Rust", 279, 0, 0, 0, 62, 71, 412
"/home/dev/projects/dbnexus/tests/core/integration/health_integration.rs", "Rust", 301, 0, 0, 0, 34, 79, 414
"/home/dev/projects/dbnexus/tests/core/integration/mod.rs", "Rust", 10, 0, 0, 0, 5, 5, 20
"/home/dev/projects/dbnexus/tests/core/integration/permission_integration.rs", "Rust", 179, 0, 0, 0, 18, 25, 222
"/home/dev/projects/dbnexus/tests/core/integration/session_transaction.rs", "Rust", 864, 0, 0, 0, 7, 94, 965
"/home/dev/projects/dbnexus/tests/core/integration/sql_parser_integration.rs", "Rust", 267, 0, 0, 0, 27, 47, 341
"/home/dev/projects/dbnexus/tests/core/mod.rs", "Rust", 2, 0, 0, 0, 7, 3, 12
"/home/dev/projects/dbnexus/tests/core/unit/edge_cases.rs", "Rust", 500, 0, 0, 0, 29, 77, 606
"/home/dev/projects/dbnexus/tests/core/unit/error_unit_tests.rs", "Rust", 328, 0, 0, 0, 47, 75, 450
"/home/dev/projects/dbnexus/tests/core/unit/mod.rs", "Rust", 1, 0, 0, 0, 7, 3, 11
"/home/dev/projects/dbnexus/tests/cross_cutting/benchmarks/bench.rs", "Rust", 129, 0, 0, 0, 28, 17, 174
"/home/dev/projects/dbnexus/tests/cross_cutting/benchmarks/mod.rs", "Rust", 1, 0, 0, 0, 5, 3, 9
"/home/dev/projects/dbnexus/tests/cross_cutting/cli/cli_integration.rs", "Rust", 215, 0, 0, 0, 28, 36, 279
"/home/dev/projects/dbnexus/tests/cross_cutting/cli/mod.rs", "Rust", 1, 0, 0, 0, 5, 3, 9
"/home/dev/projects/dbnexus/tests/cross_cutting/integration/concurrency.rs", "Rust", 16, 0, 0, 0, 2, 3, 21
"/home/dev/projects/dbnexus/tests/cross_cutting/integration/mod.rs", "Rust", 3, 0, 0, 0, 5, 4, 12
"/home/dev/projects/dbnexus/tests/cross_cutting/integration/multi_db.rs", "Rust", 9, 0, 0, 0, 2, 3, 14
"/home/dev/projects/dbnexus/tests/cross_cutting/mod.rs", "Rust", 4, 0, 0, 0, 7, 3, 14
"/home/dev/projects/dbnexus/tests/di_interop/pool_interop_test.rs", "Rust", 20, 0, 0, 0, 12, 7, 39
"/home/dev/projects/dbnexus/tests/e2e/pool_e2e_test.rs", "Rust", 143, 0, 0, 0, 37, 55, 235
"/home/dev/projects/dbnexus/tests/entity/mod.rs", "Rust", 1, 0, 0, 0, 7, 3, 11
"/home/dev/projects/dbnexus/tests/entity/unit/entity_unit_tests.rs", "Rust", 127, 0, 0, 0, 37, 31, 195
"/home/dev/projects/dbnexus/tests/entity/unit/mod.rs", "Rust", 1, 0, 0, 0, 7, 3, 11
"/home/dev/projects/dbnexus/tests/global_index/integration/global_index_integration.rs", "Rust", 606, 0, 0, 0, 127, 158, 891
"/home/dev/projects/dbnexus/tests/global_index/integration/mod.rs", "Rust", 2, 0, 0, 0, 5, 3, 10
"/home/dev/projects/dbnexus/tests/global_index/mod.rs", "Rust", 2, 0, 0, 0, 13, 3, 18
"/home/dev/projects/dbnexus/tests/global_index/unit/global_index_unit_tests.rs", "Rust", 433, 0, 0, 0, 56, 79, 568
"/home/dev/projects/dbnexus/tests/global_index/unit/mod.rs", "Rust", 2, 0, 0, 0, 5, 3, 10
"/home/dev/projects/dbnexus/tests/health/mod.rs", "Rust", 2, 0, 0, 0, 8, 3, 13
"/home/dev/projects/dbnexus/tests/health/unit/health_unit_tests.rs", "Rust", 513, 0, 0, 0, 236, 163, 912
"/home/dev/projects/dbnexus/tests/health/unit/mod.rs", "Rust", 1, 0, 0, 0, 12, 3, 16
"/home/dev/projects/dbnexus/tests/macros/trybuild.rs", "Rust", 6, 0, 0, 0, 0, 2, 8
"/home/dev/projects/dbnexus/tests/macros/unit/db_entity_tests.rs", "Rust", 31, 0, 0, 0, 25, 9, 65
"/home/dev/projects/dbnexus/tests/metrics/integration/metrics_integration.rs", "Rust", 196, 0, 0, 0, 73, 69, 338
"/home/dev/projects/dbnexus/tests/metrics/integration/mod.rs", "Rust", 0, 0, 0, 0, 5, 2, 7
"/home/dev/projects/dbnexus/tests/metrics/mod.rs", "Rust", 2, 0, 0, 0, 7, 3, 12
"/home/dev/projects/dbnexus/tests/metrics/unit/metrics_unit_tests.rs", "Rust", 544, 0, 0, 0, 151, 189, 884
"/home/dev/projects/dbnexus/tests/metrics/unit/mod.rs", "Rust", 1, 0, 0, 0, 5, 3, 9
"/home/dev/projects/dbnexus/tests/migration/integration/auto_migrate.rs", "Rust", 241, 0, 0, 0, 27, 50, 318
"/home/dev/projects/dbnexus/tests/migration/integration/integration.rs", "Rust", 128, 0, 0, 0, 32, 34, 194
"/home/dev/projects/dbnexus/tests/migration/integration/mod.rs", "Rust", 4, 0, 0, 0, 5, 4, 13
"/home/dev/projects/dbnexus/tests/migration/mod.rs", "Rust", 2, 0, 0, 0, 7, 3, 12
"/home/dev/projects/dbnexus/tests/migration/unit/migration_unit_tests.rs", "Rust", 408, 0, 0, 0, 35, 86, 529
"/home/dev/projects/dbnexus/tests/migration/unit/mod.rs", "Rust", 2, 0, 0, 0, 5, 3, 10
"/home/dev/projects/dbnexus/tests/mod.rs", "Rust", 23, 0, 0, 0, 20, 3, 46
"/home/dev/projects/dbnexus/tests/permission/integration/mod.rs", "Rust", 2, 0, 0, 0, 5, 3, 10
"/home/dev/projects/dbnexus/tests/permission/integration/permission_engine_integration.rs", "Rust", 292, 0, 0, 0, 50, 63, 405
"/home/dev/projects/dbnexus/tests/permission/mod.rs", "Rust", 2, 0, 0, 0, 7, 3, 12
"/home/dev/projects/dbnexus/tests/permission/unit/advanced_rbac_unit_tests.rs", "Rust", 640, 0, 0, 0, 132, 120, 892
"/home/dev/projects/dbnexus/tests/permission/unit/mod.rs", "Rust", 8, 0, 0, 0, 11, 6, 25
"/home/dev/projects/dbnexus/tests/permission/unit/pdp_unit_tests.rs", "Rust", 582, 0, 0, 0, 120, 120, 822
"/home/dev/projects/dbnexus/tests/permission/unit/rate_limiter_unit_tests.rs", "Rust", 201, 0, 0, 0, 102, 67, 370
"/home/dev/projects/dbnexus/tests/permission/unit/rbac_unit_tests.rs", "Rust", 481, 0, 0, 0, 75, 77, 633
"/home/dev/projects/dbnexus/tests/pool/integration/mod.rs", "Rust", 1, 0, 0, 0, 5, 3, 9
"/home/dev/projects/dbnexus/tests/pool/integration/pool_integration.rs", "Rust", 181, 0, 0, 0, 17, 23, 221
"/home/dev/projects/dbnexus/tests/pool/mod.rs", "Rust", 2, 0, 0, 0, 7, 3, 12
"/home/dev/projects/dbnexus/tests/pool/unit/mod.rs", "Rust", 1, 0, 0, 0, 11, 3, 15
"/home/dev/projects/dbnexus/tests/pool/unit/pool_unit_tests.rs", "Rust", 843, 0, 0, 0, 291, 220, 1354
"/home/dev/projects/dbnexus/tests/pool_semaphore_test.rs", "Rust", 228, 0, 0, 0, 41, 50, 319
"/home/dev/projects/dbnexus/tests/security/mod.rs", "Rust", 1, 0, 0, 0, 7, 3, 11
"/home/dev/projects/dbnexus/tests/security/unit/mod.rs", "Rust", 1, 0, 0, 0, 5, 3, 9
"/home/dev/projects/dbnexus/tests/security/unit/sql_injection_tests.rs", "Rust", 272, 0, 0, 0, 84, 25, 381
"/home/dev/projects/dbnexus/tests/sharding/integration/mod.rs", "Rust", 0, 0, 0, 0, 5, 2, 7
"/home/dev/projects/dbnexus/tests/sharding/integration/sharding_integration.rs", "Rust", 147, 0, 0, 0, 18, 49, 214
"/home/dev/projects/dbnexus/tests/sharding/mod.rs", "Rust", 2, 0, 0, 0, 7, 3, 12
"/home/dev/projects/dbnexus/tests/sharding/unit/mod.rs", "Rust", 0, 0, 0, 0, 5, 2, 7
"/home/dev/projects/dbnexus/tests/sharding/unit/sharding_unit_tests.rs", "Rust", 594, 0, 0, 0, 159, 215, 968
"/home/dev/projects/dbnexus/tests/tracing/integration/mod.rs", "Rust", 0, 0, 0, 0, 5, 2, 7
"/home/dev/projects/dbnexus/tests/tracing/integration/tracing_integration.rs", "Rust", 299, 0, 0, 0, 132, 88, 519
"/home/dev/projects/dbnexus/tests/tracing/mod.rs", "Rust", 2, 0, 0, 0, 7, 3, 12
"/home/dev/projects/dbnexus/tests/tracing/unit/mod.rs", "Rust", 0, 0, 0, 0, 5, 2, 7
"/home/dev/projects/dbnexus/tests/tracing/unit/tracing_unit_tests.rs", "Rust", 283, 0, 0, 0, 190, 120, 593
"Total", "-", 33179, 792, 980, 3646, 10124, 8943, 57664